1,Renner-Gerhold
2,"Friesen, Ratke and Gleichner"
3,"MacGyver, Koepp and Buckridge"
4,Bartoletti and Sons
5,Harvey Group
6,"Swaniawski, Mills and Spencer"
7,"Beatty, Franecki and Macejkovic"
8,Morissette Group
9,Bernier-Schumm
10,"Mertz, Marks and Franecki"
11,Wunsch-Jast
12,Bruen Group
13,Kozey-Goldner
14,Stoltenberg Group
15,Carter-Berge
16,Purdy LLC
17,Veum-Barrows
18,Reichel Group
19,Kunze Group
20,"Bernhard, Abshire and Hettinger"
21,Lang-Rutherford
22,Goldner Inc
23,Dach-Tromp
24,Quitzon Group
25,"Kreiger, Kassulke and Hyatt"
26,"Effertz, Christiansen and Vandervort"
27,"Hayes, Schimmel and Waelchi"
28,"Klocko, Bins and Rogahn"
29,Gislason and Sons
30,Kohler LLC
31,"Spencer, Dach and Schuppe"
32,Abernathy Group
33,Hudson and Sons
34,Wilkinson Inc
35,Kihn Group
36,Wiegand-Rohan
37,"Rempel, Heathcote and Senger"
38,O'Conner-Hirthe
39,"Koelpin, Parker and Breitenberg"
40,Doyle LLC
41,"Kuhic, Carter and Feest"
42,VonRueden Inc
43,"Haag, Williamson and Ratke"
44,Yost and Sons
45,Vandervort-Mraz
46,Abernathy-Spencer
47,"Hackett, Breitenberg and Harris"
48,"Will, Grimes and Reilly"
49,"Schamberger, Fritsch and Schmidt"
50,"Zemlak, Zemlak and Pfannerstill"
