id,nombre
1,Village
2,Orin
3,Nevada
4,Hauk
5,Grover
6,Green Ridge
7,Main
8,Mallard
9,Union
10,Goodland
11,Manley
12,Swallow
13,Eliot
14,Towne
15,1st
16,Debra
17,Del Sol
18,Rowland
19,Declaration
20,Oak Valley
21,Johnson
22,Truax
23,Rigney
24,Hovde
25,Barby
26,Sutteridge
27,Erie
28,Sunfield
29,Dwight
30,Di Loreto
31,Ruskin
32,Almo
33,Knutson
34,Ramsey
35,Aberg
36,Sunbrook
37,Hudson
38,Pond
39,New Castle
40,Anzinger
41,Roth
42,Riverside
43,Sheridan
44,Ridgeview
45,Novick
46,Carey
47,Jenna
48,Straubel
49,Heffernan
50,Tennessee
51,Novick
52,Pennsylvania
53,Rusk
54,Lake View
55,Mitchell
56,Maple Wood
57,Troy
58,Eastwood
59,Glendale
60,Northwestern
61,Canary
62,Novick
63,Del Sol
64,Lillian
65,Jay
66,Melvin
67,Sachtjen
68,Kingsford
69,Farmco
70,Anzinger
71,Heath
72,Jenifer
73,Oak Valley
74,Maywood
75,Moland
76,School
77,Walton
78,Amoth
79,Sugar
80,Towne
81,Emmet
82,Melrose
83,Dawn
84,Menomonie
85,Loeprich
86,Karstens
87,Bowman
88,Talisman
89,Cottonwood
90,Texas
91,Morningstar
92,Warrior
93,Rutledge
94,Kensington
95,Northwestern
96,Doe Crossing
97,Anniversary
98,Delaware
99,Monument
100,Lake View
101,Rockefeller
102,International
103,Lukken
104,Northland
105,Oak Valley
106,Northwestern
107,Sunfield
108,Clemons
109,Forster
110,North
111,Loeprich
112,Everett
113,Hanover
114,2nd
115,Dakota
116,Monica
117,Stoughton
118,Monterey
119,Marcy
120,Waxwing
121,Parkside
122,Mariners Cove
123,Sutherland
124,Lakeland
125,Esker
126,Steensland
127,Hintze
128,Valley Edge
129,Ilene
130,4th
131,Graedel
132,Memorial
133,Homewood
134,Mandrake
135,Jackson
136,Continental
137,Prairie Rose
138,Shelley
139,Miller
140,Dakota
141,Mayfield
142,4th
143,Grasskamp
144,Lotheville
145,Oak
146,Calypso
147,Caliangt
148,Loomis
149,Steensland
150,Maryland
151,Shasta
152,Fieldstone
153,Melody
154,Nobel
155,Katie
156,Elmside
157,Morning
158,Hoffman
159,Tennessee
160,Kensington
161,Summit
162,Jenna
163,Pennsylvania
164,Ronald Regan
165,Macpherson
166,Orin
167,Corscot
168,Aberg
169,Swallow
170,Lighthouse Bay
171,Di Loreto
172,Doe Crossing
173,Mesta
174,Jay
175,Golf
176,Clemons
177,Ridgeway
178,Debs
179,Badeau
180,Myrtle
181,Laurel
182,Melrose
183,Schiller
184,Katie
185,Sloan
186,Katie
187,Bellgrove
188,Shelley
189,Duke
190,Darwin
191,Shasta
192,Pawling
193,Prairieview
194,Milwaukee
195,Sommers
196,Mallory
197,Arapahoe
198,Rieder
199,Anhalt
200,Hallows
201,Brickson Park
202,Holy Cross
203,Granby
204,Monterey
205,Basil
206,Michigan
207,Pine View
208,Erie
209,Calypso
210,Anhalt
211,South
212,Granby
213,Meadow Vale
214,Heffernan
215,Golf View
216,Hollow Ridge
217,Vermont
218,Northwestern
219,Ryan
220,Pleasure
221,Maryland
222,Sutherland
223,Monica
224,Prairie Rose
225,Sycamore
226,5th
227,Carpenter
228,Daystar
229,1st
230,Mendota
231,Jenifer
232,Harbort
233,Ohio
234,Arrowood
235,Summer Ridge
236,Bartillon
237,Ridge Oak
238,Wayridge
239,Service
240,Summerview
241,Buena Vista
242,Sutteridge
243,Southridge
244,Crowley
245,Daystar
246,Schiller
247,Magdeline
248,Clemons
249,Bluestem
250,Trailsway
251,Dexter
252,Jana
253,Delaware
254,Karstens
255,Grover
256,Kropf
257,Gateway
258,Schmedeman
259,Hintze
260,Lotheville
261,Hansons
262,Eagan
263,Oak
264,Corry
265,Hansons
266,Laurel
267,Alpine
268,Cody
269,Blackbird
270,Arapahoe
271,Declaration
272,Glacier Hill
273,Badeau
274,Rutledge
275,Novick
276,Emmet
277,Schiller
278,Orin
279,Sachtjen
280,Brentwood
281,Toban
282,Buhler
283,Northfield
284,Bunting
285,Sutteridge
286,Troy
287,6th
288,Pleasure
289,Old Gate
290,Mendota
291,Green Ridge
292,Haas
293,Kim
294,Summerview
295,Menomonie
296,Jenifer
297,Sunnyside
298,Mockingbird
299,Golf View
300,Jenna
301,Sunnyside
302,Rutledge
303,Thierer
304,Golden Leaf
305,Elka
306,Tomscot
307,Moose
308,Almo
309,Claremont
310,Fremont
311,Stone Corner
312,Red Cloud
313,Cardinal
314,Butterfield
315,Troy
316,Hoffman
317,Atwood
318,Alpine
319,Sachs
320,Harper
321,Hintze
322,Prairieview
323,Almo
324,Westport
325,Forest Dale
326,Mayfield
327,Memorial
328,Farmco
329,Nelson
330,Jackson
331,Vahlen
332,Hallows
333,Graedel
334,Lyons
335,Sachs
336,Maple
337,Upham
338,Oak Valley
339,Northland
340,Sutteridge
341,Farragut
342,Rutledge
343,Jenifer
344,Garrison
345,Brentwood
346,Ridge Oak
347,Fallview
348,Forest
349,Summit
350,Blue Bill Park
351,New Castle
352,Dawn
353,Waubesa
354,Hoepker
355,New Castle
356,Milwaukee
357,Troy
358,Spohn
359,Kenwood
360,Killdeer
361,Kropf
362,Dahle
363,Talisman
364,Bluejay
365,Shasta
366,Logan
367,Center
368,Golf Course
369,Redwing
370,Welch
371,Porter
372,Corben
373,Barnett
374,Southridge
375,Bultman
376,Clarendon
377,Twin Pines
378,Vahlen
379,Colorado
380,Walton
381,Melody
382,Del Mar
383,Clyde Gallagher
384,Montana
385,Surrey
386,Pennsylvania
387,Dakota
388,Kim
389,Northland
390,Forster
391,Schlimgen
392,East
393,Havey
394,Quincy
395,4th
396,Shelley
397,Sycamore
398,Schlimgen
399,Towne
400,Cherokee
401,Myrtle
402,Northfield
403,Novick
404,Westridge
405,Southridge
406,Transport
407,Prairieview
408,Washington
409,Sutteridge
410,Glacier Hill
411,Schiller
412,Straubel
413,Continental
414,Sugar
415,3rd
416,Messerschmidt
417,Service
418,Annamark
419,Hanover
420,Linden
421,Fairview
422,Oneill
423,Banding
424,Troy
425,Dayton
426,Fairview
427,La Follette
428,Schurz
429,Montana
430,Crownhardt
431,Manitowish
432,6th
433,Glendale
434,Lake View
435,Paget
436,Farragut
437,Rowland
438,Hallows
439,Ridge Oak
440,Sauthoff
441,Chinook
442,Hoepker
443,Sauthoff
444,Carberry
445,Springs
446,Red Cloud
447,Arrowood
448,Ilene
449,Esker
450,Lunder
451,La Follette
452,Quincy
453,Burrows
454,Del Sol
455,Mandrake
456,Mockingbird
457,Moland
458,Twin Pines
459,Moulton
460,Sommers
461,Monterey
462,Holmberg
463,Kennedy
464,Mesta
465,Badeau
466,Ridge Oak
467,Moland
468,Anniversary
469,Mallard
470,4th
471,Lindbergh
472,Basil
473,Warbler
474,Rieder
475,Sullivan
476,Manitowish
477,Pond
478,Prairieview
479,Crowley
480,Union
481,Moose
482,Fordem
483,Iowa
484,Brown
485,Sunfield
486,Little Fleur
487,Johnson
488,Barnett
489,Rowland
490,Moose
491,Blaine
492,Moland
493,Vidon
494,Glendale
495,Mayer
496,Morning
497,Vermont
498,Dawn
499,Dawn
500,Burning Wood
501,Village Green
502,Manitowish
503,Atwood
504,Sachs
505,Porter
506,Main
507,Comanche
508,High Crossing
509,Parkside
510,Walton
511,Petterle
512,Delaware
513,Meadow Vale
514,Roth
515,Pierstorff
516,Dexter
517,Longview
518,Marcy
519,Moland
520,New Castle
521,Oak Valley
522,Reinke
523,Commercial
524,Forest Dale
525,Hallows
526,Graceland
527,Kropf
528,Gerald
529,Karstens
530,Carey
531,Jana
532,Sloan
533,Evergreen
534,Jenna
535,Orin
536,Bunting
537,Anderson
538,8th
539,Milwaukee
540,Sugar
541,Morrow
542,Farmco
543,Bayside
544,Linden
545,Reindahl
546,Hauk
547,Bellgrove
548,Mosinee
549,Hovde
550,Loomis
551,Merry
552,Brentwood
553,Nelson
554,Claremont
555,Graceland
556,Forster
557,Hudson
558,Melby
559,Dunning
560,Westport
561,Mayer
562,Algoma
563,Lukken
564,Scoville
565,Daystar
566,Aberg
567,Buell
568,Hanover
569,Moulton
570,Fairview
571,Sachtjen
572,Roxbury
573,Browning
574,Hoffman
575,Shasta
576,Lyons
577,Park Meadow
578,Starling
579,Milwaukee
580,Cardinal
581,Atwood
582,Hallows
583,High Crossing
584,Basil
585,Hallows
586,Hoffman
587,Becker
588,Nobel
589,Beilfuss
590,Quincy
591,Lawn
592,Hagan
593,Karstens
594,Barnett
595,Becker
596,Gulseth
597,Pawling
598,Arrowood
599,Shelley
600,Longview
601,Arkansas
602,Anthes
603,Melody
604,Havey
605,Debs
606,Roth
607,Granby
608,Dryden
609,Westridge
610,Linden
611,Manitowish
612,Dixon
613,6th
614,Northwestern
615,Armistice
616,Jackson
617,Buhler
618,Onsgard
619,Autumn Leaf
620,Doe Crossing
621,Fordem
622,Tomscot
623,Barby
624,Marcy
625,South
626,Towne
627,Grover
628,Sunbrook
629,Maple
630,Village
631,Morrow
632,Iowa
633,Orin
634,Calypso
635,Ridgeview
636,Columbus
637,Banding
638,Pine View
639,Hansons
640,Kings
641,Lakewood
642,East
643,Grayhawk
644,Bunting
645,Namekagon
646,Sunbrook
647,Packers
648,Holy Cross
649,Lien
650,Brickson Park
651,Larry
652,Kipling
653,Rieder
654,Sherman
655,Esker
656,Old Gate
657,4th
658,Menomonie
659,Johnson
660,Reinke
661,Talisman
662,Trailsway
663,Twin Pines
664,Hoffman
665,Continental
666,Schlimgen
667,4th
668,Shasta
669,Brentwood
670,Drewry
671,Mandrake
672,Hovde
673,Continental
674,Fairfield
675,Golf Course
676,Hauk
677,Monica
678,Vera
679,Forest Dale
680,Northland
681,Fuller
682,Montana
683,Eggendart
684,Shelley
685,Heath
686,Elgar
687,Pleasure
688,Quincy
689,Stephen
690,Farragut
691,Dryden
692,Dixon
693,Scott
694,Cordelia
695,Ilene
696,Swallow
697,Novick
698,Dapin
699,Donald
700,Buhler
701,Swallow
702,Lotheville
703,Colorado
704,Scott
705,Ludington
706,Barby
707,Reindahl
708,Forest Dale
709,Hooker
710,Nelson
711,Twin Pines
712,Sage
713,Ruskin
714,Ilene
715,Gulseth
716,Prairieview
717,Hoard
718,Maywood
719,Bellgrove
720,Schlimgen
721,Monument
722,Maryland
723,Wayridge
724,Crescent Oaks
725,Graedel
726,Hoepker
727,Arapahoe
728,Elmside
729,Troy
730,Mccormick
731,Service
732,Kinsman
733,Scott
734,Hagan
735,Dunning
736,Forest Dale
737,Monica
738,Maple Wood
739,Ohio
740,Redwing
741,Victoria
742,Lien
743,Ridge Oak
744,Cody
745,Twin Pines
746,Meadow Valley
747,Becker
748,Rockefeller
749,Gerald
750,Hagan
751,Hoard
752,Bunting
753,Sundown
754,Corben
755,Stone Corner
756,Becker
757,North
758,Boyd
759,Clemons
760,Lake View
761,Hallows
762,Maryland
763,Sugar
764,Summerview
765,7th
766,Anthes
767,Columbus
768,Cottonwood
769,Muir
770,Elka
771,Orin
772,Glacier Hill
773,Forest Run
774,5th
775,Calypso
776,Killdeer
777,Sheridan
778,Straubel
779,Schurz
780,Kings
781,Arkansas
782,Forest Run
783,Haas
784,Buena Vista
785,Cascade
786,Delaware
787,Waywood
788,Talisman
789,Knutson
790,Blue Bill Park
791,Hagan
792,Southridge
793,Maryland
794,Redwing
795,Autumn Leaf
796,Longview
797,Brown
798,Talisman
799,Lakewood
800,Moulton
801,Declaration
802,Pawling
803,Farwell
804,Little Fleur
805,Graceland
806,Green Ridge
807,Little Fleur
808,Artisan
809,Badeau
810,Ryan
811,Merchant
812,Elka
813,Rusk
814,Basil
815,Fisk
816,Arkansas
817,American Ash
818,Pond
819,Kinsman
820,Arapahoe
821,Troy
822,Stuart
823,Stuart
824,Annamark
825,Schmedeman
826,Bunker Hill
827,Thierer
828,Colorado
829,Dixon
830,Hudson
831,Pearson
832,Northview
833,Dennis
834,Muir
835,Sage
836,Basil
837,Eggendart
838,Nova
839,Sunfield
840,Forest Run
841,Sunnyside
842,Charing Cross
843,Hoepker
844,Clemons
845,Golden Leaf
846,Knutson
847,Truax
848,Vermont
849,Lyons
850,Rowland
851,Shoshone
852,Commercial
853,Center
854,Ramsey
855,Artisan
856,Lakewood Gardens
857,Maple
858,Hazelcrest
859,Eagle Crest
860,Stephen
861,Schurz
862,Vermont
863,Burning Wood
864,Pleasure
865,Monica
866,Stuart
867,Pine View
868,Comanche
869,Lakewood Gardens
870,Bowman
871,Dottie
872,Myrtle
873,Becker
874,Corben
875,Hayes
876,Ohio
877,Randy
878,Miller
879,Westerfield
880,Schiller
881,Columbus
882,Schlimgen
883,Texas
884,Summer Ridge
885,Jenna
886,Dexter
887,Dryden
888,Monica
889,Jay
890,Graedel
891,Fuller
892,Melby
893,Maple Wood
894,Del Sol
895,Lake View
896,Meadow Ridge
897,Eggendart
898,Talmadge
899,Portage
900,Northview
901,Acker
902,Tomscot
903,Pawling
904,Dovetail
905,Thierer
906,Pond
907,Fallview
908,Green Ridge
909,Petterle
910,Commercial
911,Bluestem
912,Bunker Hill
913,Banding
914,Maple
915,Mcbride
916,Tennessee
917,Beilfuss
918,Schlimgen
919,Mandrake
920,Monument
921,Dayton
922,Montana
923,Delaware
924,Old Shore
925,Hayes
926,Warner
927,Sundown
928,Hauk
929,Old Shore
930,Commercial
931,Vernon
932,Reindahl
933,Rusk
934,Mcbride
935,Lindbergh
936,Stang
937,Sachs
938,Knutson
939,Grasskamp
940,Holmberg
941,Roth
942,Sugar
943,Fisk
944,Bunker Hill
945,Sunfield
946,Eagan
947,Shelley
948,Arizona
949,Dryden
950,Moose
951,Graceland
952,Dahle
953,Darwin
954,Heffernan
955,Huxley
956,Lillian
957,Kropf
958,Crownhardt
959,Welch
960,Erie
961,Saint Paul
962,Dexter
963,Westridge
964,Forest Dale
965,Autumn Leaf
966,Fuller
967,Artisan
968,Gale
969,Sloan
970,Prairieview
971,Heffernan
972,Barby
973,Brown
974,Gina
975,Tomscot
976,Weeping Birch
977,Springs
978,8th
979,Hagan
980,Pawling
981,Crowley
982,Becker
983,Ridgeway
984,Cardinal
985,Crownhardt
986,Briar Crest
987,Buell
988,6th
989,Luster
990,Clyde Gallagher
991,Sloan
992,Lyons
993,Golf Course
994,Everett
995,Oxford
996,Ramsey
997,Kedzie
998,Grim
999,Dexter
1000,Hudson
